system:index,area,band,class,class_name,.geo
0_0_0,151.46412931472338,classification_1985,3,Forest Formation,"{""type"":""MultiPoint"",""coordinates"":[]}"
0_0_1,26.687311278320244,classification_1985,4,Savanna Formation,"{""type"":""MultiPoint"",""coordinates"":[]}"
0_0_2,0.005964510131835936,classification_1985,11,Wetland,"{""type"":""MultiPoint"",""coordinates"":[]}"
0_0_3,1.224347912109379,classification_1985,12,"Grassland (Pastizal, Formación Herbácea)","{""type"":""MultiPoint"",""coordinates"":[]}"
0_0_4,191.38837713146503,classification_1985,15,Pasture,"{""type"":""MultiPoint"",""coordinates"":[]}"
0_0_5,61.73349868164151,classification_1985,21,Mosaic of Agriculture and Pasture,"{""type"":""MultiPoint"",""coordinates"":[]}"
0_0_6,0.002552866394042969,classification_1985,24,Urban Infrastructure,"{""type"":""MultiPoint"",""coordinates"":[]}"
0_0_7,0.55017625579834,classification_1985,25,Other Non Vegetated Area,"{""type"":""MultiPoint"",""coordinates"":[]}"
0_0_8,20.34273211261747,classification_1985,33,"River, Lake and Ocean","{""type"":""MultiPoint"",""coordinates"":[]}"
1_0_0,149.0176630995134,classification_1986,3,Forest Formation,"{""type"":""MultiPoint"",""coordinates"":[]}"
1_0_1,26.40954716412329,classification_1986,4,Savanna Formation,"{""type"":""MultiPoint"",""coordinates"":[]}"
1_0_2,0.0034082926025390627,classification_1986,11,Wetland,"{""type"":""MultiPoint"",""coordinates"":[]}"
1_0_3,1.2456379062500051,classification_1986,12,"Grassland (Pastizal, Formación Herbácea)","{""type"":""MultiPoint"",""coordinates"":[]}"
1_0_4,183.2273610125667,classification_1986,15,Pasture,"{""type"":""MultiPoint"",""coordinates"":[]}"
1_0_5,73.09623921270857,classification_1986,21,Mosaic of Agriculture and Pasture,"{""type"":""MultiPoint"",""coordinates"":[]}"
1_0_6,0.008509573791503905,classification_1986,24,Urban Infrastructure,"{""type"":""MultiPoint"",""coordinates"":[]}"
1_0_7,0.24957987078857427,classification_1986,25,Other Non Vegetated Area,"{""type"":""MultiPoint"",""coordinates"":[]}"
1_0_8,20.141143930854703,classification_1986,33,"River, Lake and Ocean","{""type"":""MultiPoint"",""coordinates"":[]}"
2_0_0,147.35898972927384,classification_1987,3,Forest Formation,"{""type"":""MultiPoint"",""coordinates"":[]}"
2_0_1,25.1539034022215,classification_1987,4,Savanna Formation,"{""type"":""MultiPoint"",""coordinates"":[]}"
2_0_2,0.004260363830566406,classification_1987,11,Wetland,"{""type"":""MultiPoint"",""coordinates"":[]}"
2_0_3,1.175817147155763,classification_1987,12,"Grassland (Pastizal, Formación Herbácea)","{""type"":""MultiPoint"",""coordinates"":[]}"
2_0_4,178.70340064220625,classification_1987,15,Pasture,"{""type"":""MultiPoint"",""coordinates"":[]}"
2_0_5,80.37886478796453,classification_1987,21,Mosaic of Agriculture and Pasture,"{""type"":""MultiPoint"",""coordinates"":[]}"
2_0_6,0.008509573791503905,classification_1987,24,Urban Infrastructure,"{""type"":""MultiPoint"",""coordinates"":[]}"
2_0_7,0.18311126428222646,classification_1987,25,Other Non Vegetated Area,"{""type"":""MultiPoint"",""coordinates"":[]}"
2_0_8,20.24575066651152,classification_1987,33,"River, Lake and Ocean","{""type"":""MultiPoint"",""coordinates"":[]}"
2_0_9,0.18648248596191416,classification_1987,39,Soy Beans,"{""type"":""MultiPoint"",""coordinates"":[]}"
3_0_0,144.7199979953253,classification_1988,3,Forest Formation,"{""type"":""MultiPoint"",""coordinates"":[]}"
3_0_1,24.762039984558015,classification_1988,4,Savanna Formation,"{""type"":""MultiPoint"",""coordinates"":[]}"
3_0_2,0.00170414501953125,classification_1988,11,Wetland,"{""type"":""MultiPoint"",""coordinates"":[]}"
3_0_3,1.2652425685424833,classification_1988,12,"Grassland (Pastizal, Formación Herbácea)","{""type"":""MultiPoint"",""coordinates"":[]}"
3_0_4,174.76316386620437,classification_1988,15,Pasture,"{""type"":""MultiPoint"",""coordinates"":[]}"
3_0_5,87.02816011602789,classification_1988,21,Mosaic of Agriculture and Pasture,"{""type"":""MultiPoint"",""coordinates"":[]}"
3_0_6,0.008509573791503905,classification_1988,24,Urban Infrastructure,"{""type"":""MultiPoint"",""coordinates"":[]}"
3_0_7,0.15500277966308587,classification_1988,25,Other Non Vegetated Area,"{""type"":""MultiPoint"",""coordinates"":[]}"
3_0_8,20.372535984260576,classification_1988,33,"River, Lake and Ocean","{""type"":""MultiPoint"",""coordinates"":[]}"
3_0_9,0.3227330498046882,classification_1988,39,Soy Beans,"{""type"":""MultiPoint"",""coordinates"":[]}"
4_0_0,147.05590517916318,classification_1989,3,Forest Formation,"{""type"":""MultiPoint"",""coordinates"":[]}"
4_0_1,24.676996567016534,classification_1989,4,Savanna Formation,"{""type"":""MultiPoint"",""coordinates"":[]}"
4_0_2,0.00170414501953125,classification_1989,11,Wetland,"{""type"":""MultiPoint"",""coordinates"":[]}"
4_0_3,1.236297682800294,classification_1989,12,"Grassland (Pastizal, Formación Herbácea)","{""type"":""MultiPoint"",""coordinates"":[]}"
4_0_4,170.26758267016478,classification_1989,15,Pasture,"{""type"":""MultiPoint"",""coordinates"":[]}"
4_0_5,89.12629857775745,classification_1989,21,Mosaic of Agriculture and Pasture,"{""type"":""MultiPoint"",""coordinates"":[]}"
4_0_6,0.008509573791503905,classification_1989,24,Urban Infrastructure,"{""type"":""MultiPoint"",""coordinates"":[]}"
4_0_7,0.08175810260009767,classification_1989,25,Other Non Vegetated Area,"{""type"":""MultiPoint"",""coordinates"":[]}"
4_0_8,20.23812041400902,classification_1989,33,"River, Lake and Ocean","{""type"":""MultiPoint"",""coordinates"":[]}"
4_0_9,0.7059171508789064,classification_1989,39,Soy Beans,"{""type"":""MultiPoint"",""coordinates"":[]}"
5_0_0,144.89472533138496,classification_1990,3,Forest Formation,"{""type"":""MultiPoint"",""coordinates"":[]}"
5_0_1,23.786988799743554,classification_1990,4,Savanna Formation,"{""type"":""MultiPoint"",""coordinates"":[]}"
5_0_2,1.1954194033203134,classification_1990,12,"Grassland (Pastizal, Formación Herbácea)","{""type"":""MultiPoint"",""coordinates"":[]}"
5_0_3,178.99266809222087,classification_1990,15,Pasture,"{""type"":""MultiPoint"",""coordinates"":[]}"
5_0_4,83.45165680944815,classification_1990,21,Mosaic of Agriculture and Pasture,"{""type"":""MultiPoint"",""coordinates"":[]}"
5_0_5,0.008509573791503905,classification_1990,24,Urban Infrastructure,"{""type"":""MultiPoint"",""coordinates"":[]}"
5_0_6,0.03576417706298827,classification_1990,25,Other Non Vegetated Area,"{""type"":""MultiPoint"",""coordinates"":[]}"
5_0_7,20.30361758161165,classification_1990,33,"River, Lake and Ocean","{""type"":""MultiPoint"",""coordinates"":[]}"
5_0_8,0.7297402946166994,classification_1990,39,Soy Beans,"{""type"":""MultiPoint"",""coordinates"":[]}"
6_0_0,141.62086091475916,classification_1991,3,Forest Formation,"{""type"":""MultiPoint"",""coordinates"":[]}"
6_0_1,22.972712364990073,classification_1991,4,Savanna Formation,"{""type"":""MultiPoint"",""coordinates"":[]}"
6_0_2,1.0991771214599617,classification_1991,12,"Grassland (Pastizal, Formación Herbácea)","{""type"":""MultiPoint"",""coordinates"":[]}"
6_0_3,189.17911156969848,classification_1991,15,Pasture,"{""type"":""MultiPoint"",""coordinates"":[]}"
6_0_4,77.60975868817151,classification_1991,21,Mosaic of Agriculture and Pasture,"{""type"":""MultiPoint"",""coordinates"":[]}"
6_0_5,0.010211491088867186,classification_1991,24,Urban Infrastructure,"{""type"":""MultiPoint"",""coordinates"":[]}"
6_0_6,0.0331961358642578,classification_1991,25,Other Non Vegetated Area,"{""type"":""MultiPoint"",""coordinates"":[]}"
6_0_7,20.401477884284958,classification_1991,33,"River, Lake and Ocean","{""type"":""MultiPoint"",""coordinates"":[]}"
6_0_8,0.46662604693603676,classification_1991,39,Soy Beans,"{""type"":""MultiPoint"",""coordinates"":[]}"
6_0_9,0.005957845947265625,classification_1991,41,Mosaic of Crops,"{""type"":""MultiPoint"",""coordinates"":[]}"
7_0_0,143.02518414907323,classification_1992,3,Forest Formation,"{""type"":""MultiPoint"",""coordinates"":[]}"
7_0_1,23.339935488403157,classification_1992,4,Savanna Formation,"{""type"":""MultiPoint"",""coordinates"":[]}"
7_0_2,1.1374851627807656,classification_1992,12,"Grassland (Pastizal, Formación Herbácea)","{""type"":""MultiPoint"",""coordinates"":[]}"
7_0_3,193.42053351537274,classification_1992,15,Pasture,"{""type"":""MultiPoint"",""coordinates"":[]}"
7_0_4,71.8503903884274,classification_1992,21,Mosaic of Agriculture and Pasture,"{""type"":""MultiPoint"",""coordinates"":[]}"
7_0_5,0.04850503271484377,classification_1992,24,Urban Infrastructure,"{""type"":""MultiPoint"",""coordinates"":[]}"
7_0_6,0.03660738873291015,classification_1992,25,Other Non Vegetated Area,"{""type"":""MultiPoint"",""coordinates"":[]}"
7_0_7,20.242410538825872,classification_1992,33,"River, Lake and Ocean","{""type"":""MultiPoint"",""coordinates"":[]}"
7_0_8,0.16009216284179698,classification_1992,39,Soy Beans,"{""type"":""MultiPoint"",""coordinates"":[]}"
7_0_9,0.13794623602294911,classification_1992,41,Mosaic of Crops,"{""type"":""MultiPoint"",""coordinates"":[]}"
8_0_0,142.0158587887209,classification_1993,3,Forest Formation,"{""type"":""MultiPoint"",""coordinates"":[]}"
8_0_1,23.27005853436273,classification_1993,4,Savanna Formation,"{""type"":""MultiPoint"",""coordinates"":[]}"
8_0_2,1.1536594424438489,classification_1993,12,"Grassland (Pastizal, Formación Herbácea)","{""type"":""MultiPoint"",""coordinates"":[]}"
8_0_3,196.95106142315566,classification_1993,15,Pasture,"{""type"":""MultiPoint"",""coordinates"":[]}"
8_0_4,69.67885935205024,classification_1993,21,Mosaic of Agriculture and Pasture,"{""type"":""MultiPoint"",""coordinates"":[]}"
8_0_5,0.10381767523193354,classification_1993,24,Urban Infrastructure,"{""type"":""MultiPoint"",""coordinates"":[]}"
8_0_6,0.059617235595703116,classification_1993,25,Other Non Vegetated Area,"{""type"":""MultiPoint"",""coordinates"":[]}"
8_0_7,19.87155617377471,classification_1993,33,"River, Lake and Ocean","{""type"":""MultiPoint"",""coordinates"":[]}"
8_0_8,0.1030350447998047,classification_1993,39,Soy Beans,"{""type"":""MultiPoint"",""coordinates"":[]}"
8_0_9,0.1915663930664061,classification_1993,41,Mosaic of Crops,"{""type"":""MultiPoint"",""coordinates"":[]}"
9_0_0,140.42233603194586,classification_1994,3,Forest Formation,"{""type"":""MultiPoint"",""coordinates"":[]}"
9_0_1,22.697684420226764,classification_1994,4,Savanna Formation,"{""type"":""MultiPoint"",""coordinates"":[]}"
9_0_2,1.1332348798828162,classification_1994,12,"Grassland (Pastizal, Formación Herbácea)","{""type"":""MultiPoint"",""coordinates"":[]}"
9_0_3,197.63987538463948,classification_1994,15,Pasture,"{""type"":""MultiPoint"",""coordinates"":[]}"
9_0_4,71.69972227459712,classification_1994,21,Mosaic of Agriculture and Pasture,"{""type"":""MultiPoint"",""coordinates"":[]}"
9_0_5,0.11402916375732412,classification_1994,24,Urban Infrastructure,"{""type"":""MultiPoint"",""coordinates"":[]}"
9_0_6,0.0851543034057617,classification_1994,25,Other Non Vegetated Area,"{""type"":""MultiPoint"",""coordinates"":[]}"
9_0_7,19.536403343574552,classification_1994,33,"River, Lake and Ocean","{""type"":""MultiPoint"",""coordinates"":[]}"
9_0_8,0.00937045050048828,classification_1994,39,Soy Beans,"{""type"":""MultiPoint"",""coordinates"":[]}"
9_0_9,0.061279810668945306,classification_1994,41,Mosaic of Crops,"{""type"":""MultiPoint"",""coordinates"":[]}"
10_0_0,136.17984901833591,classification_1995,3,Forest Formation,"{""type"":""MultiPoint"",""coordinates"":[]}"
10_0_1,22.925166396117866,classification_1995,4,Savanna Formation,"{""type"":""MultiPoint"",""coordinates"":[]}"
10_0_2,0.00851507568359375,classification_1995,11,Wetland,"{""type"":""MultiPoint"",""coordinates"":[]}"
10_0_3,1.110248222351075,classification_1995,12,"Grassland (Pastizal, Formación Herbácea)","{""type"":""MultiPoint"",""coordinates"":[]}"
10_0_4,197.5932266071071,classification_1995,15,Pasture,"{""type"":""MultiPoint"",""coordinates"":[]}"
10_0_5,76.35401259350571,classification_1995,21,Mosaic of Agriculture and Pasture,"{""type"":""MultiPoint"",""coordinates"":[]}"
10_0_6,0.1284954948120117,classification_1995,24,Urban Infrastructure,"{""type"":""MultiPoint"",""coordinates"":[]}"
10_0_7,0.14730263470458968,classification_1995,25,Other Non Vegetated Area,"{""type"":""MultiPoint"",""coordinates"":[]}"
10_0_8,18.80149498743447,classification_1995,33,"River, Lake and Ocean","{""type"":""MultiPoint"",""coordinates"":[]}"
10_0_9,0.12268058050537096,classification_1995,39,Soy Beans,"{""type"":""MultiPoint"",""coordinates"":[]}"
10_0_10,0.02809845263671875,classification_1995,41,Mosaic of Crops,"{""type"":""MultiPoint"",""coordinates"":[]}"
11_0_0,133.52218634365394,classification_1996,3,Forest Formation,"{""type"":""MultiPoint"",""coordinates"":[]}"
11_0_1,22.28465663030969,classification_1996,4,Savanna Formation,"{""type"":""MultiPoint"",""coordinates"":[]}"
11_0_2,0.00851507568359375,classification_1996,11,Wetland,"{""type"":""MultiPoint"",""coordinates"":[]}"
11_0_3,1.0855573729248054,classification_1996,12,"Grassland (Pastizal, Formación Herbácea)","{""type"":""MultiPoint"",""coordinates"":[]}"
11_0_4,204.9118372009808,classification_1996,15,Pasture,"{""type"":""MultiPoint"",""coordinates"":[]}"
11_0_5,72.59123842901617,classification_1996,21,Mosaic of Agriculture and Pasture,"{""type"":""MultiPoint"",""coordinates"":[]}"
11_0_6,0.1293464349975586,classification_1996,24,Urban Infrastructure,"{""type"":""MultiPoint"",""coordinates"":[]}"
11_0_7,0.1379245986328124,classification_1996,25,Other Non Vegetated Area,"{""type"":""MultiPoint"",""coordinates"":[]}"
11_0_8,18.509759744514554,classification_1996,33,"River, Lake and Ocean","{""type"":""MultiPoint"",""coordinates"":[]}"
11_0_9,0.19763118457031248,classification_1996,39,Soy Beans,"{""type"":""MultiPoint"",""coordinates"":[]}"
11_0_10,0.020437047912597654,classification_1996,41,Mosaic of Crops,"{""type"":""MultiPoint"",""coordinates"":[]}"
12_0_0,123.17278117709003,classification_1997,3,Forest Formation,"{""type"":""MultiPoint"",""coordinates"":[]}"
12_0_1,20.86990699371313,classification_1997,4,Savanna Formation,"{""type"":""MultiPoint"",""coordinates"":[]}"
12_0_2,0.00851507568359375,classification_1997,11,Wetland,"{""type"":""MultiPoint"",""coordinates"":[]}"
12_0_3,1.0259519089355473,classification_1997,12,"Grassland (Pastizal, Formación Herbácea)","{""type"":""MultiPoint"",""coordinates"":[]}"
12_0_4,220.35554573851704,classification_1997,15,Pasture,"{""type"":""MultiPoint"",""coordinates"":[]}"
12_0_5,68.77056638256879,classification_1997,21,Mosaic of Agriculture and Pasture,"{""type"":""MultiPoint"",""coordinates"":[]}"
12_0_6,0.13870695037841788,classification_1997,24,Urban Infrastructure,"{""type"":""MultiPoint"",""coordinates"":[]}"
12_0_7,0.12516165032958967,classification_1997,25,Other Non Vegetated Area,"{""type"":""MultiPoint"",""coordinates"":[]}"
12_0_8,18.663707323005767,classification_1997,33,"River, Lake and Ocean","{""type"":""MultiPoint"",""coordinates"":[]}"
12_0_9,0.2316216084594726,classification_1997,39,Soy Beans,"{""type"":""MultiPoint"",""coordinates"":[]}"
12_0_10,0.03662525451660156,classification_1997,41,Mosaic of Crops,"{""type"":""MultiPoint"",""coordinates"":[]}"
13_0_0,119.57386198568304,classification_1998,3,Forest Formation,"{""type"":""MultiPoint"",""coordinates"":[]}"
13_0_1,19.5947596174925,classification_1998,4,Savanna Formation,"{""type"":""MultiPoint"",""coordinates"":[]}"
13_0_2,0.00851507568359375,classification_1998,11,Wetland,"{""type"":""MultiPoint"",""coordinates"":[]}"
13_0_3,0.9544370573120109,classification_1998,12,"Grassland (Pastizal, Formación Herbácea)","{""type"":""MultiPoint"",""coordinates"":[]}"
13_0_4,233.7353435265357,classification_1998,15,Pasture,"{""type"":""MultiPoint"",""coordinates"":[]}"
13_0_5,61.20083130944873,classification_1998,21,Mosaic of Agriculture and Pasture,"{""type"":""MultiPoint"",""coordinates"":[]}"
13_0_6,0.14551473571777335,classification_1998,24,Urban Infrastructure,"{""type"":""MultiPoint"",""coordinates"":[]}"
13_0_7,0.06557583410644531,classification_1998,25,Other Non Vegetated Area,"{""type"":""MultiPoint"",""coordinates"":[]}"
13_0_8,17.965369893074197,classification_1998,33,"River, Lake and Ocean","{""type"":""MultiPoint"",""coordinates"":[]}"
13_0_9,0.0774125036621094,classification_1998,39,Soy Beans,"{""type"":""MultiPoint"",""coordinates"":[]}"
13_0_10,0.07746852447509768,classification_1998,41,Mosaic of Crops,"{""type"":""MultiPoint"",""coordinates"":[]}"
14_0_0,114.83260109261741,classification_1999,3,Forest Formation,"{""type"":""MultiPoint"",""coordinates"":[]}"
14_0_1,18.75408697167962,classification_1999,4,Savanna Formation,"{""type"":""MultiPoint"",""coordinates"":[]}"
14_0_2,0.006812056762695313,classification_1999,11,Wetland,"{""type"":""MultiPoint"",""coordinates"":[]}"
14_0_3,0.960400148071287,classification_1999,12,"Grassland (Pastizal, Formación Herbácea)","{""type"":""MultiPoint"",""coordinates"":[]}"
14_0_4,248.12060716100294,classification_1999,15,Pasture,"{""type"":""MultiPoint"",""coordinates"":[]}"
14_0_5,53.77519842407203,classification_1999,21,Mosaic of Agriculture and Pasture,"{""type"":""MultiPoint"",""coordinates"":[]}"
14_0_6,0.1506205462036132,classification_1999,24,Urban Infrastructure,"{""type"":""MultiPoint"",""coordinates"":[]}"
14_0_7,0.04940052410888672,classification_1999,25,Other Non Vegetated Area,"{""type"":""MultiPoint"",""coordinates"":[]}"
14_0_8,16.482080570320445,classification_1999,33,"River, Lake and Ocean","{""type"":""MultiPoint"",""coordinates"":[]}"
14_0_9,0.16256904913330072,classification_1999,39,Soy Beans,"{""type"":""MultiPoint"",""coordinates"":[]}"
14_0_10,0.10471351922607422,classification_1999,41,Mosaic of Crops,"{""type"":""MultiPoint"",""coordinates"":[]}"
15_0_0,112.66988439840505,classification_2000,3,Forest Formation,"{""type"":""MultiPoint"",""coordinates"":[]}"
15_0_1,18.203959389709443,classification_2000,4,Savanna Formation,"{""type"":""MultiPoint"",""coordinates"":[]}"
15_0_2,0.014479269592285154,classification_2000,11,Wetland,"{""type"":""MultiPoint"",""coordinates"":[]}"
15_0_3,0.9672161519165019,classification_2000,12,"Grassland (Pastizal, Formación Herbácea)","{""type"":""MultiPoint"",""coordinates"":[]}"
15_0_4,256.2949097213633,classification_2000,15,Pasture,"{""type"":""MultiPoint"",""coordinates"":[]}"
15_0_5,48.39528222454868,classification_2000,21,Mosaic of Agriculture and Pasture,"{""type"":""MultiPoint"",""coordinates"":[]}"
15_0_6,0.15657731481933587,classification_2000,24,Urban Infrastructure,"{""type"":""MultiPoint"",""coordinates"":[]}"
15_0_7,0.093684780456543,classification_2000,25,Other Non Vegetated Area,"{""type"":""MultiPoint"",""coordinates"":[]}"
15_0_8,16.305966164436633,classification_2000,33,"River, Lake and Ocean","{""type"":""MultiPoint"",""coordinates"":[]}"
15_0_9,0.12514533721923823,classification_2000,39,Soy Beans,"{""type"":""MultiPoint"",""coordinates"":[]}"
15_0_10,0.1719853107299804,classification_2000,41,Mosaic of Crops,"{""type"":""MultiPoint"",""coordinates"":[]}"
16_0_0,111.27216576931505,classification_2001,3,Forest Formation,"{""type"":""MultiPoint"",""coordinates"":[]}"
16_0_1,17.15301078009013,classification_2001,4,Savanna Formation,"{""type"":""MultiPoint"",""coordinates"":[]}"
16_0_2,0.022999173461914057,classification_2001,11,Wetland,"{""type"":""MultiPoint"",""coordinates"":[]}"
16_0_3,0.9059118333129862,classification_2001,12,"Grassland (Pastizal, Formación Herbácea)","{""type"":""MultiPoint"",""coordinates"":[]}"
16_0_4,257.742883986985,classification_2001,15,Pasture,"{""type"":""MultiPoint"",""coordinates"":[]}"
16_0_5,49.485367801880045,classification_2001,21,Mosaic of Agriculture and Pasture,"{""type"":""MultiPoint"",""coordinates"":[]}"
16_0_6,0.15827925378417965,classification_2001,24,Urban Infrastructure,"{""type"":""MultiPoint"",""coordinates"":[]}"
16_0_7,0.10050089733886722,classification_2001,25,Other Non Vegetated Area,"{""type"":""MultiPoint"",""coordinates"":[]}"
16_0_8,16.26936267121156,classification_2001,33,"River, Lake and Ocean","{""type"":""MultiPoint"",""coordinates"":[]}"
16_0_9,0.07062597271728517,classification_2001,39,Soy Beans,"{""type"":""MultiPoint"",""coordinates"":[]}"
16_0_10,0.21798192309570305,classification_2001,41,Mosaic of Crops,"{""type"":""MultiPoint"",""coordinates"":[]}"
17_0_0,109.14493800106408,classification_2002,3,Forest Formation,"{""type"":""MultiPoint"",""coordinates"":[]}"
17_0_1,16.319224553588796,classification_2002,4,Savanna Formation,"{""type"":""MultiPoint"",""coordinates"":[]}"
17_0_2,0.02470309692382812,classification_2002,11,Wetland,"{""type"":""MultiPoint"",""coordinates"":[]}"
17_0_3,0.8556751564941386,classification_2002,12,"Grassland (Pastizal, Formación Herbácea)","{""type"":""MultiPoint"",""coordinates"":[]}"
17_0_4,258.9503347698843,classification_2002,15,Pasture,"{""type"":""MultiPoint"",""coordinates"":[]}"
17_0_5,49.78374048284951,classification_2002,21,Mosaic of Agriculture and Pasture,"{""type"":""MultiPoint"",""coordinates"":[]}"
17_0_6,0.15998116979980467,classification_2002,24,Urban Infrastructure,"{""type"":""MultiPoint"",""coordinates"":[]}"
17_0_7,0.08347139953613286,classification_2002,25,Other Non Vegetated Area,"{""type"":""MultiPoint"",""coordinates"":[]}"
17_0_8,17.818222748542926,classification_2002,33,"River, Lake and Ocean","{""type"":""MultiPoint"",""coordinates"":[]}"
17_0_9,0.06125259973144534,classification_2002,39,Soy Beans,"{""type"":""MultiPoint"",""coordinates"":[]}"
17_0_10,0.197546084777832,classification_2002,41,Mosaic of Crops,"{""type"":""MultiPoint"",""coordinates"":[]}"
18_0_0,108.30908530160073,classification_2003,3,Forest Formation,"{""type"":""MultiPoint"",""coordinates"":[]}"
18_0_1,15.851782392883269,classification_2003,4,Savanna Formation,"{""type"":""MultiPoint"",""coordinates"":[]}"
18_0_2,0.017891231628417967,classification_2003,11,Wetland,"{""type"":""MultiPoint"",""coordinates"":[]}"
18_0_3,0.8122520580444317,classification_2003,12,"Grassland (Pastizal, Formación Herbácea)","{""type"":""MultiPoint"",""coordinates"":[]}"
18_0_4,262.0378828937338,classification_2003,15,Pasture,"{""type"":""MultiPoint"",""coordinates"":[]}"
18_0_5,47.112303868835966,classification_2003,21,Mosaic of Agriculture and Pasture,"{""type"":""MultiPoint"",""coordinates"":[]}"
18_0_6,0.1642359598999024,classification_2003,24,Urban Infrastructure,"{""type"":""MultiPoint"",""coordinates"":[]}"
18_0_7,0.0715517943725586,classification_2003,25,Other Non Vegetated Area,"{""type"":""MultiPoint"",""coordinates"":[]}"
18_0_8,18.788791737556547,classification_2003,33,"River, Lake and Ocean","{""type"":""MultiPoint"",""coordinates"":[]}"
18_0_9,0.019593262756347665,classification_2003,39,Soy Beans,"{""type"":""MultiPoint"",""coordinates"":[]}"
18_0_10,0.21371956188964836,classification_2003,41,Mosaic of Crops,"{""type"":""MultiPoint"",""coordinates"":[]}"
19_0_0,106.74613206686027,classification_2004,3,Forest Formation,"{""type"":""MultiPoint"",""coordinates"":[]}"
19_0_1,15.82878355212399,classification_2004,4,Savanna Formation,"{""type"":""MultiPoint"",""coordinates"":[]}"
19_0_2,0.02726146179199218,classification_2004,11,Wetland,"{""type"":""MultiPoint"",""coordinates"":[]}"
19_0_3,0.8199148305053684,classification_2004,12,"Grassland (Pastizal, Formación Herbácea)","{""type"":""MultiPoint"",""coordinates"":[]}"
19_0_4,261.1161122683685,classification_2004,15,Pasture,"{""type"":""MultiPoint"",""coordinates"":[]}"
19_0_5,48.27141842938319,classification_2004,21,Mosaic of Agriculture and Pasture,"{""type"":""MultiPoint"",""coordinates"":[]}"
19_0_6,0.16849073217773447,classification_2004,24,Urban Infrastructure,"{""type"":""MultiPoint"",""coordinates"":[]}"
19_0_7,0.05195958996582033,classification_2004,25,Other Non Vegetated Area,"{""type"":""MultiPoint"",""coordinates"":[]}"
19_0_8,19.892088110115086,classification_2004,33,"River, Lake and Ocean","{""type"":""MultiPoint"",""coordinates"":[]}"
19_0_9,0.13628208831787092,classification_2004,39,Soy Beans,"{""type"":""MultiPoint"",""coordinates"":[]}"
19_0_10,0.34064693359374987,classification_2004,41,Mosaic of Crops,"{""type"":""MultiPoint"",""coordinates"":[]}"
20_0_0,105.95168522359864,classification_2005,3,Forest Formation,"{""type"":""MultiPoint"",""coordinates"":[]}"
20_0_1,16.02051715264883,classification_2005,4,Savanna Formation,"{""type"":""MultiPoint"",""coordinates"":[]}"
20_0_2,0.020446209228515626,classification_2005,11,Wetland,"{""type"":""MultiPoint"",""coordinates"":[]}"
20_0_3,0.8037366082763643,classification_2005,12,"Grassland (Pastizal, Formación Herbácea)","{""type"":""MultiPoint"",""coordinates"":[]}"
20_0_4,261.1864966148553,classification_2005,15,Pasture,"{""type"":""MultiPoint"",""coordinates"":[]}"
20_0_5,48.922922910340105,classification_2005,21,Mosaic of Agriculture and Pasture,"{""type"":""MultiPoint"",""coordinates"":[]}"
20_0_6,0.16849073217773447,classification_2005,24,Urban Infrastructure,"{""type"":""MultiPoint"",""coordinates"":[]}"
20_0_7,0.030666285095214855,classification_2005,25,Other Non Vegetated Area,"{""type"":""MultiPoint"",""coordinates"":[]}"
20_0_8,19.826578094673184,classification_2005,33,"River, Lake and Ocean","{""type"":""MultiPoint"",""coordinates"":[]}"
20_0_9,0.21803729541015648,classification_2005,39,Soy Beans,"{""type"":""MultiPoint"",""coordinates"":[]}"
20_0_10,0.24951293688964826,classification_2005,41,Mosaic of Crops,"{""type"":""MultiPoint"",""coordinates"":[]}"
21_0_0,106.30859372634532,classification_2006,3,Forest Formation,"{""type"":""MultiPoint"",""coordinates"":[]}"
21_0_1,16.067362735656623,classification_2006,4,Savanna Formation,"{""type"":""MultiPoint"",""coordinates"":[]}"
21_0_2,0.009372550537109376,classification_2006,11,Wetland,"{""type"":""MultiPoint"",""coordinates"":[]}"
21_0_3,0.8275762866821258,classification_2006,12,"Grassland (Pastizal, Formación Herbácea)","{""type"":""MultiPoint"",""coordinates"":[]}"
21_0_4,263.28848023485546,classification_2006,15,Pasture,"{""type"":""MultiPoint"",""coordinates"":[]}"
21_0_5,46.35584306848177,classification_2006,21,Mosaic of Agriculture and Pasture,"{""type"":""MultiPoint"",""coordinates"":[]}"
21_0_6,0.16849073217773447,classification_2006,24,Urban Infrastructure,"{""type"":""MultiPoint"",""coordinates"":[]}"
21_0_7,0.04941123425292969,classification_2006,25,Other Non Vegetated Area,"{""type"":""MultiPoint"",""coordinates"":[]}"
21_0_8,19.80617189307406,classification_2006,33,"River, Lake and Ocean","{""type"":""MultiPoint"",""coordinates"":[]}"
21_0_9,0.03575874090576172,classification_2006,39,Soy Beans,"{""type"":""MultiPoint"",""coordinates"":[]}"
21_0_10,0.4820288602294922,classification_2006,41,Mosaic of Crops,"{""type"":""MultiPoint"",""coordinates"":[]}"
22_0_0,105.7850982370262,classification_2007,3,Forest Formation,"{""type"":""MultiPoint"",""coordinates"":[]}"
22_0_1,15.896002439636145,classification_2007,4,Savanna Formation,"{""type"":""MultiPoint"",""coordinates"":[]}"
22_0_2,0.011077352661132816,classification_2007,11,Wetland,"{""type"":""MultiPoint"",""coordinates"":[]}"
22_0_3,0.825021796020505,classification_2007,12,"Grassland (Pastizal, Formación Herbácea)","{""type"":""MultiPoint"",""coordinates"":[]}"
22_0_4,263.3278668921969,classification_2007,15,Pasture,"{""type"":""MultiPoint"",""coordinates"":[]}"
22_0_5,46.64884651391635,classification_2007,21,Mosaic of Agriculture and Pasture,"{""type"":""MultiPoint"",""coordinates"":[]}"
22_0_6,0.17274559753417978,classification_2007,24,Urban Infrastructure,"{""type"":""MultiPoint"",""coordinates"":[]}"
22_0_7,0.04344731079101563,classification_2007,25,Other Non Vegetated Area,"{""type"":""MultiPoint"",""coordinates"":[]}"
22_0_8,19.972900864204377,classification_2007,33,"River, Lake and Ocean","{""type"":""MultiPoint"",""coordinates"":[]}"
22_0_9,0.06725860205078127,classification_2007,39,Soy Beans,"{""type"":""MultiPoint"",""coordinates"":[]}"
22_0_10,0.6488244571533214,classification_2007,41,Mosaic of Crops,"{""type"":""MultiPoint"",""coordinates"":[]}"
23_0_0,107.69870800930556,classification_2008,3,Forest Formation,"{""type"":""MultiPoint"",""coordinates"":[]}"
23_0_1,15.73238338250723,classification_2008,4,Savanna Formation,"{""type"":""MultiPoint"",""coordinates"":[]}"
23_0_2,0.01874473547363282,classification_2008,11,Wetland,"{""type"":""MultiPoint"",""coordinates"":[]}"
23_0_3,0.8454473370361302,classification_2008,12,"Grassland (Pastizal, Formación Herbácea)","{""type"":""MultiPoint"",""coordinates"":[]}"
23_0_4,264.3218563004657,classification_2008,15,Pasture,"{""type"":""MultiPoint"",""coordinates"":[]}"
23_0_5,0.015310920959472658,classification_2008,20,Sugar Cane,"{""type"":""MultiPoint"",""coordinates"":[]}"
23_0_6,44.13104078747573,classification_2008,21,Mosaic of Agriculture and Pasture,"{""type"":""MultiPoint"",""coordinates"":[]}"
23_0_7,0.17700046160888683,classification_2008,24,Urban Infrastructure,"{""type"":""MultiPoint"",""coordinates"":[]}"
23_0_8,0.037483469360351566,classification_2008,25,Other Non Vegetated Area,"{""type"":""MultiPoint"",""coordinates"":[]}"
23_0_9,19.488927052070665,classification_2008,33,"River, Lake and Ocean","{""type"":""MultiPoint"",""coordinates"":[]}"
23_0_10,0.008512731689453126,classification_2008,39,Soy Beans,"{""type"":""MultiPoint"",""coordinates"":[]}"
23_0_11,0.9236748752441399,classification_2008,41,Mosaic of Crops,"{""type"":""MultiPoint"",""coordinates"":[]}"
24_0_0,106.46434422927541,classification_2009,3,Forest Formation,"{""type"":""MultiPoint"",""coordinates"":[]}"
24_0_1,14.926477184997493,classification_2009,4,Savanna Formation,"{""type"":""MultiPoint"",""coordinates"":[]}"
24_0_2,0.017040626953125002,classification_2009,11,Wetland,"{""type"":""MultiPoint"",""coordinates"":[]}"
24_0_3,0.8190449790039037,classification_2009,12,"Grassland (Pastizal, Formación Herbácea)","{""type"":""MultiPoint"",""coordinates"":[]}"
24_0_4,267.1744210364865,classification_2009,15,Pasture,"{""type"":""MultiPoint"",""coordinates"":[]}"
24_0_5,0.016161663330078128,classification_2009,20,Sugar Cane,"{""type"":""MultiPoint"",""coordinates"":[]}"
24_0_6,44.1895144772336,classification_2009,21,Mosaic of Agriculture and Pasture,"{""type"":""MultiPoint"",""coordinates"":[]}"
24_0_7,0.18636095910644537,classification_2009,24,Urban Infrastructure,"{""type"":""MultiPoint"",""coordinates"":[]}"
24_0_8,0.07497143194580078,classification_2009,25,Other Non Vegetated Area,"{""type"":""MultiPoint"",""coordinates"":[]}"
24_0_9,18.236905482063513,classification_2009,33,"River, Lake and Ocean","{""type"":""MultiPoint"",""coordinates"":[]}"
24_0_10,0.1353049091796875,classification_2009,39,Soy Beans,"{""type"":""MultiPoint"",""coordinates"":[]}"
24_0_11,1.1585430836181638,classification_2009,41,Mosaic of Crops,"{""type"":""MultiPoint"",""coordinates"":[]}"
25_0_0,103.56403936983831,classification_2010,3,Forest Formation,"{""type"":""MultiPoint"",""coordinates"":[]}"
25_0_1,14.3284578475952,classification_2010,4,Savanna Formation,"{""type"":""MultiPoint"",""coordinates"":[]}"
25_0_2,0.015336382568359378,classification_2010,11,Wetland,"{""type"":""MultiPoint"",""coordinates"":[]}"
25_0_3,0.8284090767822239,classification_2010,12,"Grassland (Pastizal, Formación Herbácea)","{""type"":""MultiPoint"",""coordinates"":[]}"
25_0_4,270.7565702283181,classification_2010,15,Pasture,"{""type"":""MultiPoint"",""coordinates"":[]}"
25_0_5,0.016161663330078128,classification_2010,20,Sugar Cane,"{""type"":""MultiPoint"",""coordinates"":[]}"
25_0_6,44.14186616717497,classification_2010,21,Mosaic of Agriculture and Pasture,"{""type"":""MultiPoint"",""coordinates"":[]}"
25_0_7,0.19827442242431645,classification_2010,24,Urban Infrastructure,"{""type"":""MultiPoint"",""coordinates"":[]}"
25_0_8,0.16101566345214852,classification_2010,25,Other Non Vegetated Area,"{""type"":""MultiPoint"",""coordinates"":[]}"
25_0_9,17.9289970184405,classification_2010,33,"River, Lake and Ocean","{""type"":""MultiPoint"",""coordinates"":[]}"
25_0_10,0.11062228808593753,classification_2010,39,Soy Beans,"{""type"":""MultiPoint"",""coordinates"":[]}"
25_0_11,1.3493399351806645,classification_2010,41,Mosaic of Crops,"{""type"":""MultiPoint"",""coordinates"":[]}"
26_0_0,102.73147091018264,classification_2011,3,Forest Formation,"{""type"":""MultiPoint"",""coordinates"":[]}"
26_0_1,13.741581722717468,classification_2011,4,Savanna Formation,"{""type"":""MultiPoint"",""coordinates"":[]}"
26_0_2,0.023851576538085943,classification_2011,11,Wetland,"{""type"":""MultiPoint"",""coordinates"":[]}"
26_0_3,0.8803432152099591,classification_2011,12,"Grassland (Pastizal, Formación Herbácea)","{""type"":""MultiPoint"",""coordinates"":[]}"
26_0_4,272.8810306245047,classification_2011,15,Pasture,"{""type"":""MultiPoint"",""coordinates"":[]}"
26_0_5,0.021268397216796884,classification_2011,20,Sugar Cane,"{""type"":""MultiPoint"",""coordinates"":[]}"
26_0_6,42.52304282617163,classification_2011,21,Mosaic of Agriculture and Pasture,"{""type"":""MultiPoint"",""coordinates"":[]}"
26_0_7,0.21103885272216816,classification_2011,24,Urban Infrastructure,"{""type"":""MultiPoint"",""coordinates"":[]}"
26_0_8,0.16953535791015634,classification_2011,25,Other Non Vegetated Area,"{""type"":""MultiPoint"",""coordinates"":[]}"
26_0_9,18.67492724890909,classification_2011,33,"River, Lake and Ocean","{""type"":""MultiPoint"",""coordinates"":[]}"
26_0_10,0.18980597119140596,classification_2011,39,Soy Beans,"{""type"":""MultiPoint"",""coordinates"":[]}"
26_0_11,1.351193359924317,classification_2011,41,Mosaic of Crops,"{""type"":""MultiPoint"",""coordinates"":[]}"
27_0_0,101.86851297365932,classification_2012,3,Forest Formation,"{""type"":""MultiPoint"",""coordinates"":[]}"
27_0_1,13.261224853393696,classification_2012,4,Savanna Formation,"{""type"":""MultiPoint"",""coordinates"":[]}"
27_0_2,0.034928508972167975,classification_2012,11,Wetland,"{""type"":""MultiPoint"",""coordinates"":[]}"
27_0_3,0.956143778991699,classification_2012,12,"Grassland (Pastizal, Formación Herbácea)","{""type"":""MultiPoint"",""coordinates"":[]}"
27_0_4,274.71510377624105,classification_2012,15,Pasture,"{""type"":""MultiPoint"",""coordinates"":[]}"
27_0_5,0.005106733886718749,classification_2012,20,Sugar Cane,"{""type"":""MultiPoint"",""coordinates"":[]}"
27_0_6,43.24331249371292,classification_2012,21,Mosaic of Agriculture and Pasture,"{""type"":""MultiPoint"",""coordinates"":[]}"
27_0_7,0.21699553210449232,classification_2012,24,Urban Infrastructure,"{""type"":""MultiPoint"",""coordinates"":[]}"
27_0_8,0.16100745642089848,classification_2012,25,Other Non Vegetated Area,"{""type"":""MultiPoint"",""coordinates"":[]}"
27_0_9,17.346326118904383,classification_2012,33,"River, Lake and Ocean","{""type"":""MultiPoint"",""coordinates"":[]}"
27_0_10,0.33369916040039027,classification_2012,39,Soy Beans,"{""type"":""MultiPoint"",""coordinates"":[]}"
27_0_11,1.256728676513673,classification_2012,41,Mosaic of Crops,"{""type"":""MultiPoint"",""coordinates"":[]}"
28_0_0,99.61449632106998,classification_2013,3,Forest Formation,"{""type"":""MultiPoint"",""coordinates"":[]}"
28_0_1,12.93752879882826,classification_2013,4,Savanna Formation,"{""type"":""MultiPoint"",""coordinates"":[]}"
28_0_2,0.004258774108886719,classification_2013,9,Forest Plantation,"{""type"":""MultiPoint"",""coordinates"":[]}"
28_0_3,0.0391893374633789,classification_2013,11,Wetland,"{""type"":""MultiPoint"",""coordinates"":[]}"
28_0_4,0.9851044445800771,classification_2013,12,"Grassland (Pastizal, Formación Herbácea)","{""type"":""MultiPoint"",""coordinates"":[]}"
28_0_5,274.6691137820979,classification_2013,15,Pasture,"{""type"":""MultiPoint"",""coordinates"":[]}"
28_0_6,0.005106733886718749,classification_2013,20,Sugar Cane,"{""type"":""MultiPoint"",""coordinates"":[]}"
28_0_7,45.72008104028315,classification_2013,21,Mosaic of Agriculture and Pasture,"{""type"":""MultiPoint"",""coordinates"":[]}"
28_0_8,0.22039935656738294,classification_2013,24,Urban Infrastructure,"{""type"":""MultiPoint"",""coordinates"":[]}"
28_0_9,0.14481918041992178,classification_2013,25,Other Non Vegetated Area,"{""type"":""MultiPoint"",""coordinates"":[]}"
28_0_10,16.896337111152928,classification_2013,33,"River, Lake and Ocean","{""type"":""MultiPoint"",""coordinates"":[]}"
28_0_11,0.801222052612305,classification_2013,39,Soy Beans,"{""type"":""MultiPoint"",""coordinates"":[]}"
28_0_12,1.3614331301269549,classification_2013,41,Mosaic of Crops,"{""type"":""MultiPoint"",""coordinates"":[]}"
29_0_0,99.53233865706939,classification_2014,3,Forest Formation,"{""type"":""MultiPoint"",""coordinates"":[]}"
29_0_1,12.973261767395178,classification_2014,4,Savanna Formation,"{""type"":""MultiPoint"",""coordinates"":[]}"
29_0_2,0.022143062377929686,classification_2014,9,Forest Plantation,"{""type"":""MultiPoint"",""coordinates"":[]}"
29_0_3,0.042596695007324215,classification_2014,11,Wetland,"{""type"":""MultiPoint"",""coordinates"":[]}"
29_0_4,1.0932753930664059,classification_2014,12,"Grassland (Pastizal, Formación Herbácea)","{""type"":""MultiPoint"",""coordinates"":[]}"
29_0_5,272.27156395548997,classification_2014,15,Pasture,"{""type"":""MultiPoint"",""coordinates"":[]}"
29_0_6,0.005106733886718749,classification_2014,20,Sugar Cane,"{""type"":""MultiPoint"",""coordinates"":[]}"
29_0_7,47.31800272735603,classification_2014,21,Mosaic of Agriculture and Pasture,"{""type"":""MultiPoint"",""coordinates"":[]}"
29_0_8,0.23656788769531265,classification_2014,24,Urban Infrastructure,"{""type"":""MultiPoint"",""coordinates"":[]}"
29_0_9,0.1243684492797851,classification_2014,25,Other Non Vegetated Area,"{""type"":""MultiPoint"",""coordinates"":[]}"
29_0_10,15.938611619575765,classification_2014,33,"River, Lake and Ocean","{""type"":""MultiPoint"",""coordinates"":[]}"
29_0_11,2.0981469785766675,classification_2014,39,Soy Beans,"{""type"":""MultiPoint"",""coordinates"":[]}"
29_0_12,1.7431061364135747,classification_2014,41,Mosaic of Crops,"{""type"":""MultiPoint"",""coordinates"":[]}"
30_0_0,99.04232521590747,classification_2015,3,Forest Formation,"{""type"":""MultiPoint"",""coordinates"":[]}"
30_0_1,12.937447401306285,classification_2015,4,Savanna Formation,"{""type"":""MultiPoint"",""coordinates"":[]}"
30_0_2,0.029805591613769528,classification_2015,9,Forest Plantation,"{""type"":""MultiPoint"",""coordinates"":[]}"
30_0_3,0.040895809997558576,classification_2015,11,Wetland,"{""type"":""MultiPoint"",""coordinates"":[]}"
30_0_4,1.0898781019287092,classification_2015,12,"Grassland (Pastizal, Formación Herbácea)","{""type"":""MultiPoint"",""coordinates"":[]}"
30_0_5,269.98943599663204,classification_2015,15,Pasture,"{""type"":""MultiPoint"",""coordinates"":[]}"
30_0_6,0.005106733886718749,classification_2015,20,Sugar Cane,"{""type"":""MultiPoint"",""coordinates"":[]}"
30_0_7,48.566970272155956,classification_2015,21,Mosaic of Agriculture and Pasture,"{""type"":""MultiPoint"",""coordinates"":[]}"
30_0_8,0.24848146063232437,classification_2015,24,Urban Infrastructure,"{""type"":""MultiPoint"",""coordinates"":[]}"
30_0_9,0.14480195916748043,classification_2015,25,Other Non Vegetated Area,"{""type"":""MultiPoint"",""coordinates"":[]}"
30_0_10,15.777895398323295,classification_2015,33,"River, Lake and Ocean","{""type"":""MultiPoint"",""coordinates"":[]}"
30_0_11,2.6124969918822973,classification_2015,39,Soy Beans,"{""type"":""MultiPoint"",""coordinates"":[]}"
30_0_12,2.913549129760739,classification_2015,41,Mosaic of Crops,"{""type"":""MultiPoint"",""coordinates"":[]}"
31_0_0,98.56291822683286,classification_2016,3,Forest Formation,"{""type"":""MultiPoint"",""coordinates"":[]}"
31_0_1,12.61545403692639,classification_2016,4,Savanna Formation,"{""type"":""MultiPoint"",""coordinates"":[]}"
31_0_2,0.029805591613769528,classification_2016,9,Forest Plantation,"{""type"":""MultiPoint"",""coordinates"":[]}"
31_0_3,0.035783324645996095,classification_2016,11,Wetland,"{""type"":""MultiPoint"",""coordinates"":[]}"
31_0_4,1.0949882318725561,classification_2016,12,"Grassland (Pastizal, Formación Herbácea)","{""type"":""MultiPoint"",""coordinates"":[]}"
31_0_5,268.74906570812266,classification_2016,15,Pasture,"{""type"":""MultiPoint"",""coordinates"":[]}"
31_0_6,0.005106733886718749,classification_2016,20,Sugar Cane,"{""type"":""MultiPoint"",""coordinates"":[]}"
31_0_7,50.375549729065185,classification_2016,21,Mosaic of Agriculture and Pasture,"{""type"":""MultiPoint"",""coordinates"":[]}"
31_0_8,0.2501833792114259,classification_2016,24,Urban Infrastructure,"{""type"":""MultiPoint"",""coordinates"":[]}"
31_0_9,0.12009838946533198,classification_2016,25,Other Non Vegetated Area,"{""type"":""MultiPoint"",""coordinates"":[]}"
31_0_10,15.884195938118223,classification_2016,33,"River, Lake and Ocean","{""type"":""MultiPoint"",""coordinates"":[]}"
31_0_11,3.4666334215698074,classification_2016,39,Soy Beans,"{""type"":""MultiPoint"",""coordinates"":[]}"
31_0_12,2.2093073518676722,classification_2016,41,Mosaic of Crops,"{""type"":""MultiPoint"",""coordinates"":[]}"
32_0_0,98.3633701804457,classification_2017,3,Forest Formation,"{""type"":""MultiPoint"",""coordinates"":[]}"
32_0_1,12.16486411956802,classification_2017,4,Savanna Formation,"{""type"":""MultiPoint"",""coordinates"":[]}"
32_0_2,0.029805591613769528,classification_2017,9,Forest Plantation,"{""type"":""MultiPoint"",""coordinates"":[]}"
32_0_3,0.04770844348144531,classification_2017,11,Wetland,"{""type"":""MultiPoint"",""coordinates"":[]}"
32_0_4,1.1077598820190409,classification_2017,12,"Grassland (Pastizal, Formación Herbácea)","{""type"":""MultiPoint"",""coordinates"":[]}"
32_0_5,267.9218105709705,classification_2017,15,Pasture,"{""type"":""MultiPoint"",""coordinates"":[]}"
32_0_6,51.74474811151152,classification_2017,21,Mosaic of Agriculture and Pasture,"{""type"":""MultiPoint"",""coordinates"":[]}"
32_0_7,0.25528908013916013,classification_2017,24,Urban Infrastructure,"{""type"":""MultiPoint"",""coordinates"":[]}"
32_0_8,0.12179258642578118,classification_2017,25,Other Non Vegetated Area,"{""type"":""MultiPoint"",""coordinates"":[]}"
32_0_9,15.80253170197319,classification_2017,33,"River, Lake and Ocean","{""type"":""MultiPoint"",""coordinates"":[]}"
32_0_10,3.175418754760693,classification_2017,39,Soy Beans,"{""type"":""MultiPoint"",""coordinates"":[]}"
32_0_11,2.663991040283184,classification_2017,41,Mosaic of Crops,"{""type"":""MultiPoint"",""coordinates"":[]}"
33_0_0,98.02076674264107,classification_2018,3,Forest Formation,"{""type"":""MultiPoint"",""coordinates"":[]}"
33_0_1,11.820820632934664,classification_2018,4,Savanna Formation,"{""type"":""MultiPoint"",""coordinates"":[]}"
33_0_2,0.032363487426757834,classification_2018,9,Forest Plantation,"{""type"":""MultiPoint"",""coordinates"":[]}"
33_0_3,0.056225606811523436,classification_2018,11,Wetland,"{""type"":""MultiPoint"",""coordinates"":[]}"
33_0_4,1.0915779844360336,classification_2018,12,"Grassland (Pastizal, Formación Herbácea)","{""type"":""MultiPoint"",""coordinates"":[]}"
33_0_5,268.85091008678216,classification_2018,15,Pasture,"{""type"":""MultiPoint"",""coordinates"":[]}"
33_0_6,51.65891771502706,classification_2018,21,Mosaic of Agriculture and Pasture,"{""type"":""MultiPoint"",""coordinates"":[]}"
33_0_7,0.2765634512939451,classification_2018,24,Urban Infrastructure,"{""type"":""MultiPoint"",""coordinates"":[]}"
33_0_8,0.11753311248779294,classification_2018,25,Other Non Vegetated Area,"{""type"":""MultiPoint"",""coordinates"":[]}"
33_0_9,16.08913918470026,classification_2018,33,"River, Lake and Ocean","{""type"":""MultiPoint"",""coordinates"":[]}"
33_0_10,4.032071492309505,classification_2018,39,Soy Beans,"{""type"":""MultiPoint"",""coordinates"":[]}"
33_0_11,1.3522005663452132,classification_2018,41,Mosaic of Crops,"{""type"":""MultiPoint"",""coordinates"":[]}"
34_0_0,98.57487502376993,classification_2019,3,Forest Formation,"{""type"":""MultiPoint"",""coordinates"":[]}"
34_0_1,11.7339829914552,classification_2019,4,Savanna Formation,"{""type"":""MultiPoint"",""coordinates"":[]}"
34_0_2,0.03236355938720705,classification_2019,9,Forest Plantation,"{""type"":""MultiPoint"",""coordinates"":[]}"
34_0_3,0.06559765539550778,classification_2019,11,Wetland,"{""type"":""MultiPoint"",""coordinates"":[]}"
34_0_4,1.104348441833495,classification_2019,12,"Grassland (Pastizal, Formación Herbácea)","{""type"":""MultiPoint"",""coordinates"":[]}"
34_0_5,269.2781794574539,classification_2019,15,Pasture,"{""type"":""MultiPoint"",""coordinates"":[]}"
34_0_6,49.975825253784166,classification_2019,21,Mosaic of Agriculture and Pasture,"{""type"":""MultiPoint"",""coordinates"":[]}"
34_0_7,0.28592393090820295,classification_2019,24,Urban Infrastructure,"{""type"":""MultiPoint"",""coordinates"":[]}"
34_0_8,0.12434189715576167,classification_2019,25,Other Non Vegetated Area,"{""type"":""MultiPoint"",""coordinates"":[]}"
34_0_9,16.055967485542546,classification_2019,33,"River, Lake and Ocean","{""type"":""MultiPoint"",""coordinates"":[]}"
34_0_10,5.466977459533731,classification_2019,39,Soy Beans,"{""type"":""MultiPoint"",""coordinates"":[]}"
34_0_11,0.7007069069824219,classification_2019,41,Mosaic of Crops,"{""type"":""MultiPoint"",""coordinates"":[]}"
35_0_0,98.59289102004715,classification_2020,3,Forest Formation,"{""type"":""MultiPoint"",""coordinates"":[]}"
35_0_1,11.335252042968872,classification_2020,4,Savanna Formation,"{""type"":""MultiPoint"",""coordinates"":[]}"
35_0_2,0.028104646301269545,classification_2020,9,Forest Plantation,"{""type"":""MultiPoint"",""coordinates"":[]}"
35_0_3,0.06133745892333982,classification_2020,11,Wetland,"{""type"":""MultiPoint"",""coordinates"":[]}"
35_0_4,1.1835496727905261,classification_2020,12,"Grassland (Pastizal, Formación Herbácea)","{""type"":""MultiPoint"",""coordinates"":[]}"
35_0_5,266.81111013615816,classification_2020,15,Pasture,"{""type"":""MultiPoint"",""coordinates"":[]}"
35_0_6,51.86801219634992,classification_2020,21,Mosaic of Agriculture and Pasture,"{""type"":""MultiPoint"",""coordinates"":[]}"
35_0_7,0.2901786777343749,classification_2020,24,Urban Infrastructure,"{""type"":""MultiPoint"",""coordinates"":[]}"
35_0_8,0.12860037005615232,classification_2020,25,Other Non Vegetated Area,"{""type"":""MultiPoint"",""coordinates"":[]}"
35_0_9,16.676078424263288,classification_2020,33,"River, Lake and Ocean","{""type"":""MultiPoint"",""coordinates"":[]}"
35_0_10,5.837370845886317,classification_2020,39,Soy Beans,"{""type"":""MultiPoint"",""coordinates"":[]}"
35_0_11,0.5866045717163088,classification_2020,41,Mosaic of Crops,"{""type"":""MultiPoint"",""coordinates"":[]}"
36_0_0,99.60434996474771,classification_2021,3,Forest Formation,"{""type"":""MultiPoint"",""coordinates"":[]}"
36_0_1,10.93320421447766,classification_2021,4,Savanna Formation,"{""type"":""MultiPoint"",""coordinates"":[]}"
36_0_2,0.028104646301269545,classification_2021,9,Forest Plantation,"{""type"":""MultiPoint"",""coordinates"":[]}"
36_0_3,0.052818082519531226,classification_2021,11,Wetland,"{""type"":""MultiPoint"",""coordinates"":[]}"
36_0_4,1.1563035579833971,classification_2021,12,"Grassland (Pastizal, Formación Herbácea)","{""type"":""MultiPoint"",""coordinates"":[]}"
36_0_5,265.35836909342936,classification_2021,15,Pasture,"{""type"":""MultiPoint"",""coordinates"":[]}"
36_0_6,52.70195213293449,classification_2021,21,Mosaic of Agriculture and Pasture,"{""type"":""MultiPoint"",""coordinates"":[]}"
36_0_7,0.2901786777343749,classification_2021,24,Urban Infrastructure,"{""type"":""MultiPoint"",""coordinates"":[]}"
36_0_8,0.1362686850585937,classification_2021,25,Other Non Vegetated Area,"{""type"":""MultiPoint"",""coordinates"":[]}"
36_0_9,16.674397084724713,classification_2021,33,"River, Lake and Ocean","{""type"":""MultiPoint"",""coordinates"":[]}"
36_0_10,5.881647855773991,classification_2021,39,Soy Beans,"{""type"":""MultiPoint"",""coordinates"":[]}"
36_0_11,0.5814960675048829,classification_2021,41,Mosaic of Crops,"{""type"":""MultiPoint"",""coordinates"":[]}"
37_0_0,100.73949859499663,classification_2022,3,Forest Formation,"{""type"":""MultiPoint"",""coordinates"":[]}"
37_0_1,11.017476688659766,classification_2022,4,Savanna Formation,"{""type"":""MultiPoint"",""coordinates"":[]}"
37_0_2,0.028104646301269545,classification_2022,9,Forest Plantation,"{""type"":""MultiPoint"",""coordinates"":[]}"
37_0_3,0.0468561662597656,classification_2022,11,Wetland,"{""type"":""MultiPoint"",""coordinates"":[]}"
37_0_4,1.4807515375976628,classification_2022,12,"Grassland (Pastizal, Formación Herbácea)","{""type"":""MultiPoint"",""coordinates"":[]}"
37_0_5,263.0220194809444,classification_2022,15,Pasture,"{""type"":""MultiPoint"",""coordinates"":[]}"
37_0_6,52.38763046185316,classification_2022,21,Mosaic of Agriculture and Pasture,"{""type"":""MultiPoint"",""coordinates"":[]}"
37_0_7,0.29102961663818355,classification_2022,24,Urban Infrastructure,"{""type"":""MultiPoint"",""coordinates"":[]}"
37_0_8,0.22060606475830072,classification_2022,25,Other Non Vegetated Area,"{""type"":""MultiPoint"",""coordinates"":[]}"
37_0_9,17.60143379273247,classification_2022,33,"River, Lake and Ocean","{""type"":""MultiPoint"",""coordinates"":[]}"
37_0_10,5.897828367370673,classification_2022,39,Soy Beans,"{""type"":""MultiPoint"",""coordinates"":[]}"
37_0_11,0.6658546450805671,classification_2022,41,Mosaic of Crops,"{""type"":""MultiPoint"",""coordinates"":[]}"
